{"cameraMode":{"drawMode":0,"name":"Shaded","section":"Shading Mode"},"sceneLighting":false,"audioPlay":false,"sceneViewState":{"m_AlwaysRefresh":false,"showFog":true,"showSkybox":false,"showFlares":true,"showImageEffects":true,"showParticleSystems":true,"showVisualEffectGraphs":true,"m_FxEnabled":true},"in2DMode":false,"pivot":{"x":-12.023725509643555,"y":3.86374568939209,"z":-0.2559089660644531},"rotation":{"x":0.060115206986665729,"y":0.12039767950773239,"z":0.007350964471697807,"w":-0.9909220933914185},"size":4.400526523590088,"orthographic":false}