{"cameraMode":{"drawMode":0,"name":"Shaded","section":"Shading Mode"},"sceneLighting":true,"audioPlay":false,"sceneViewState":{"m_AlwaysRefresh":false,"showFog":true,"showSkybox":true,"showFlares":true,"showImageEffects":true,"showParticleSystems":true,"showVisualEffectGraphs":true,"m_FxEnabled":true},"in2DMode":false,"pivot":{"x":-10.589714050292969,"y":-47.6959342956543,"z":99.44241333007813},"rotation":{"x":-0.21479687094688416,"y":0.060913801193237308,"z":-0.013400736264884472,"w":-0.974708080291748},"size":61.752044677734378,"orthographic":false}