{"cameraMode":{"drawMode":0,"name":"Shaded","section":"Shading Mode"},"sceneLighting":true,"audioPlay":false,"sceneViewState":{"m_AlwaysRefresh":false,"showFog":true,"showSkybox":true,"showFlares":true,"showImageEffects":true,"showParticleSystems":true,"showVisualEffectGraphs":true,"m_FxEnabled":true},"in2DMode":false,"pivot":{"x":-5.000316143035889,"y":0.38066554069519045,"z":0.9381076097488403},"rotation":{"x":-0.08679844439029694,"y":0.3752994239330292,"z":-0.03548765182495117,"w":-0.9222757816314697},"size":2.383446216583252,"orthographic":false}